Year,Annual flow (ac-ft/year)
1906,2704899
1907,3105421
1908,1705109
1909,3149538
1910,1899785
1911,2192683
1912,2986978
1913,1827716
1914,3083510
1915,1813893
1916,2296806
1917,3035596
1918,2866723
1919,1701996
1920,2832348
1921,2978316
1922,2094881
1923,2598303
1924,2279577
1925,1890624
1926,2689544
1927,2468717
1928,2914777
1929,2833078
1930,2203512
1931,1337041
1932,2106024
1933,2027347
1934,1118162
1935,1700049
1936,2400749
1937,1560946
1938,2575401
1939,1859169
1940,1442183
1941,1821173
1942,2059865
1943,1989162
1944,1639846
1945,1878229
1946,1700540
1947,2408338
1948,2044065
1949,2190356
1950,1658232
1951,2249649
1952,2872648
1953,1894235
1954,1056160
1955,1413513
1956,1883692
1957,3021141
1958,2063239
1959,1715627
1960,1995966
1961,1501497
1962,2836282
1963,1311121
1964,1473949
1965,2490962
1966,1329035
1967,1737860
1968,1854468
1969,1943841
1970,2408563
1971,2525583
1972,2008769
1973,2380085
1974,2365929
1975,2172743
1976,1697608
1977,1064570
1978,2465552
1979,2424480
1980,2236322
1981,1273686
1982,2184465
1983,2964330
1984,3447166
1985,2707678
1986,2787777
1987,1639881
1988,1908933
1989,1556879
1990,1490701
1991,1883312
1992,1596099
1993,2463142
1994,1596736
1995,2491106
1996,2507554
1997,2908217
1998,1959082
1999,2076743
2000,1841910
2001,1592335
2002,894755
2003,1972020
2004,1296720
2005,1917613
2006,2055741
2007,1859322
2008,2545406
2009,2501931
2010,2047398
2011,3521671
2012,1257761
2013,1684747
2014,2805866
2015,2292377
2016,2101271
2017,2162486
2018,1528744
2019,2498397
